﻿{"name":{"common":"British Indian Ocean Territory","official":"British Indian Ocean Territory","nativeName":{"eng":{"official":"British Indian Ocean Territory","common":"British Indian Ocean Territory"}}},"tld":[".io"],"cca2":"IO","ccn3":"086","cca3":"IOT","independent":false,"status":"officially-assigned","unMember":false,"currencies":{"USD":{"name":"United States dollar","symbol":"$"}},"idd":{"root":"+2","suffixes":["46"]},"capital":["Diego Garcia"],"altSpellings":["IO"],"region":"Africa","subregion":"Eastern Africa","languages":{"eng":"English"},"translations":{"ara":{"official":"إقليم المحيط الهندي البريطاني","common":"إقليم المحيط الهندي البريطاني"},"bre":{"official":"Tiriad breizhveurat Meurvor Indez","common":"Tiriad breizhveurat Meurvor Indez"},"ces":{"official":"Britské indickooceánské území","common":"Britské indickooceánské území"},"cym":{"official":"Tiriogaeth Brydeinig Cefnfor India","common":"Tiriogaeth Brydeinig Cefnfor India"},"deu":{"official":"Britisches Territorium im Indischen Ozean","common":"Britisches Territorium im Indischen Ozean"},"est":{"official":"Briti India ookeani ala","common":"Briti India ookeani ala"},"fin":{"official":"Brittiläinen Intian valtameren alue","common":"Brittiläinen Intian valtameren alue"},"fra":{"official":"Territoire britannique de l' océan Indien","common":"Territoire britannique de l'océan Indien"},"hrv":{"official":"British Indian Ocean Territory","common":"Britanski Indijskooceanski teritorij"},"hun":{"official":"Brit Indiai-óceáni Terület","common":"Brit Indiai-óceáni Terület"},"ita":{"official":"Territorio britannico dell'Oceano Indiano","common":"Territorio britannico dell'oceano indiano"},"jpn":{"official":"イギリス領インド洋地域","common":"イギリス領インド洋地域"},"kor":{"official":"인도 공화국","common":"인도"},"nld":{"official":"Brits Indische Oceaan Territorium","common":"Britse Gebieden in de Indische Oceaan"},"per":{"official":"قلمرو بریتانیا در اقیانوس هند","common":"قلمرو بریتانیا در اقیانوس هند"},"pol":{"official":"Brytyjskie Terytorium Oceanu Indyjskiego","common":"Brytyjskie Terytorium Oceanu Indyjskiego"},"por":{"official":"British Indian Ocean Territory","common":"Território Britânico do Oceano Índico"},"rus":{"official":"Британская территория Индийского океана","common":"Британская территория в Индийском океане"},"slk":{"official":"Britské indickooceánske územie","common":"Britské indickooceánske územie"},"spa":{"official":"Territorio Británico del Océano Índico","common":"Territorio Británico del Océano Índico"},"srp":{"official":"Британска територија Индијског океана","common":"Британска територија Индијског океана"},"swe":{"official":"Brittiska territoriet i Indiska Oceanen","common":"Brittiska territoriet i Indiska Oceanen"},"tur":{"official":"Britanya Hint Okyanusu Toprakları","common":"Britanya Hint Okyanusu Toprakları"},"urd":{"official":"برطانوی بحرہند خطہ","common":"برطانوی بحرہند خطہ"},"zho":{"official":"英属印度洋领地","common":"英属印度洋领地"}},"latlng":[-6.0,71.5],"landlocked":false,"area":60.0,"demonyms":{"eng":{"f":"Indian","m":"Indian"}},"flag":"🇮🇴","maps":{"googleMaps":"https://goo.gl/maps/bheNucgekVEYozoi6","openStreetMaps":"https://www.openstreetmap.org/relation/1993867"},"population":3000,"car":{"signs":["GB"],"side":"right"},"timezones":["UTC+06:00"],"continents":["Asia"],"flags":{"png":"https://flagcdn.com/w320/io.png","svg":"https://flagcdn.com/io.svg"},"coatOfArms":{},"startOfWeek":"monday","capitalInfo":{"latlng":[-7.3,72.4]}}
{"name":{"common":"India","official":"Republic of India","nativeName":{"eng":{"official":"Republic of India","common":"India"},"hin":{"official":"भारत गणराज्य","common":"भारत"},"tam":{"official":"இந்தியக் குடியரசு","common":"இந்தியா"}}},"tld":[".in"],"cca2":"IN","ccn3":"356","cca3":"IND","cioc":"IND","independent":true,"status":"officially-assigned","unMember":true,"currencies":{"INR":{"name":"Indian rupee","symbol":"₹"}},"idd":{"root":"+9","suffixes":["1"]},"capital":["New Delhi"],"altSpellings":["IN","Bhārat","Republic of India","Bharat Ganrajya","இந்தியா"],"region":"Asia","subregion":"Southern Asia","languages":{"eng":"English","hin":"Hindi","tam":"Tamil"},"translations":{"ara":{"official":"جمهورية الهند","common":"الهند"},"bre":{"official":"Republik India","common":"India"},"ces":{"official":"Indická republika","common":"Indie"},"cym":{"official":"Republic of India","common":"India"},"deu":{"official":"Republik Indien","common":"Indien"},"est":{"official":"India Vabariik","common":"India"},"fin":{"official":"Intian tasavalta","common":"Intia"},"fra":{"official":"République de l'Inde","common":"Inde"},"hrv":{"official":"Republika Indija","common":"Indija"},"hun":{"official":"Indiai Köztársaság","common":"India"},"ita":{"official":"Repubblica dell'India","common":"India"},"jpn":{"official":"インド共和国","common":"インド"},"kor":{"official":"인도 공화국","common":"인도"},"nld":{"official":"Republiek India","common":"India"},"per":{"official":"جمهوری هندوستان","common":"هند"},"pol":{"official":"Republika Indii","common":"Indie"},"por":{"official":"República da Índia","common":"Índia"},"rus":{"official":"Республика Индия","common":"Индия"},"slk":{"official":"Indická republika","common":"India"},"spa":{"official":"República de la India","common":"India"},"srp":{"official":"Република Индија","common":"Индија"},"swe":{"official":"Republiken Indien","common":"Indien"},"tur":{"official":"Hindistan Cumhuriyeti","common":"Hindistan"},"urd":{"official":"جمہوریہ بھارت","common":"بھارت"},"zho":{"official":"印度共和国","common":"印度"}},"latlng":[20.0,77.0],"landlocked":false,"borders":["BGD","BTN","MMR","CHN","NPL","PAK"],"area":3287590.0,"demonyms":{"eng":{"f":"Indian","m":"Indian"},"fra":{"f":"Indienne","m":"Indien"}},"flag":"🇮🇳","maps":{"googleMaps":"https://goo.gl/maps/WSk3fLwG4vtPQetp7","openStreetMaps":"https://www.openstreetmap.org/relation/304716"},"population":1380004385,"gini":{"2011":35.7},"fifa":"IND","car":{"signs":["IND"],"side":"left"},"timezones":["UTC+05:30"],"continents":["Asia"],"flags":{"png":"https://flagcdn.com/w320/in.png","svg":"https://flagcdn.com/in.svg","alt":"The flag of India is composed of three equal horizontal bands of saffron, white and green. A navy blue wheel with twenty-four spokes — the Ashoka Chakra — is centered in the white band."},"coatOfArms":{"png":"https://mainfacts.com/media/images/coats_of_arms/in.png","svg":"https://mainfacts.com/media/images/coats_of_arms/in.svg"},"startOfWeek":"monday","capitalInfo":{"latlng":[28.6,77.2]},"postalCode":{"format":"######","regex":"^(\\d{6})$"}}
