﻿{"name":{"common":"Russia","official":"Russian Federation","nativeName":{"rus":{"official":"Российская Федерация","common":"Россия"}}},"tld":[".ru",".su",".рф"],"cca2":"RU","ccn3":"643","cca3":"RUS","cioc":"RUS","independent":true,"status":"officially-assigned","unMember":true,"currencies":{"RUB":{"name":"Russian ruble","symbol":"₽"}},"idd":{"root":"+7","suffixes":["3","4","5","8","9"]},"capital":["Moscow"],"altSpellings":["RU","Russian Federation","Российская Федерация"],"region":"Europe","subregion":"Eastern Europe","languages":{"rus":"Russian"},"translations":{"ara":{"official":"روسيا الاتحادية","common":"روسيا"},"bre":{"official":"Kevread Rusia","common":"Rusia"},"ces":{"official":"Ruská federace","common":"Rusko"},"cym":{"official":"Russian Federation","common":"Russia"},"deu":{"official":"Russische Föderation","common":"Russland"},"est":{"official":"Venemaa Föderatsioon","common":"Venemaa"},"fin":{"official":"Venäjän federaatio","common":"Venäjä"},"fra":{"official":"Fédération de Russie","common":"Russie"},"hrv":{"official":"Ruska Federacija","common":"Rusija"},"hun":{"official":"Oroszországi Föderáció","common":"Oroszország"},"ita":{"official":"Federazione russa","common":"Russia"},"jpn":{"official":"ロシア連邦","common":"ロシア連邦"},"kor":{"official":"러시아 연방","common":"러시아"},"nld":{"official":"Russische Federatie","common":"Rusland"},"per":{"official":"فدراسیون روسیه","common":"روسیه"},"pol":{"official":"Federacja Rosyjska","common":"Rosja"},"por":{"official":"Federação Russa","common":"Rússia"},"rus":{"official":"Российская Федерация","common":"Россия"},"slk":{"official":"Ruská federácia","common":"Rusko"},"spa":{"official":"Federación de Rusia","common":"Rusia"},"srp":{"official":"Руска Федерација","common":"Русија"},"swe":{"official":"Ryska federationen","common":"Ryssland"},"tur":{"official":"Rusya Federasyonu","common":"Rusya"},"urd":{"official":"روسی وفاق","common":"روس"},"zho":{"official":"俄罗斯联邦","common":"俄罗斯"}},"latlng":[60.0,100.0],"landlocked":false,"borders":["AZE","BLR","CHN","EST","FIN","GEO","KAZ","PRK","LVA","LTU","MNG","NOR","POL","UKR"],"area":17098242.0,"demonyms":{"eng":{"f":"Russian","m":"Russian"},"fra":{"f":"Russe","m":"Russe"}},"flag":"🇷🇺","maps":{"googleMaps":"https://goo.gl/maps/4F4PpDhGJgVvLby57","openStreetMaps":"https://www.openstreetmap.org/relation/60189#map=3/65.15/105.29"},"population":144104080,"gini":{"2018":37.5},"fifa":"RUS","car":{"signs":["RUS"],"side":"right"},"timezones":["UTC+03:00","UTC+04:00","UTC+06:00","UTC+07:00","UTC+08:00","UTC+09:00","UTC+10:00","UTC+11:00","UTC+12:00"],"continents":["Europe","Asia"],"flags":{"png":"https://flagcdn.com/w320/ru.png","svg":"https://flagcdn.com/ru.svg","alt":"The flag of Russia is composed of three equal horizontal bands of white, blue and red."},"coatOfArms":{"png":"https://mainfacts.com/media/images/coats_of_arms/ru.png","svg":"https://mainfacts.com/media/images/coats_of_arms/ru.svg"},"startOfWeek":"monday","capitalInfo":{"latlng":[55.75,37.6]},"postalCode":{"format":"######","regex":"^(\\d{6})$"}}
